"Field","ID","Type (Type)","default","en-us","ru"
"Description","2","Text","","CyrFlip is a tiny Windows tray app that shows your active keyboard layout (EN/RU/UK) right where you type, and flips text between layouts with a single key.

Its headline feature is a live layout indicator pinned next to the blinking text caret, so you always know whether you are about to type Latin or Cyrillic - even in browsers and the VS Code chat box, where most indicators can't reach. The same EN/RU/UK marker can also replace the I-beam mouse cursor and is shown on the tray icon.

Select text typed in the wrong layout and press the hotkey: CyrFlip transliterates it in place between QWERTY and ЙЦУКЕН, in both directions and even for mixed text. A separate configurable hotkey fixes accidental CapsLock the same way.

Optional clipboard history is disabled by default. When enabled, it keeps recent Unicode text locally, searchable in its own window; entries can be pinned, deleted, paused, or cleared, and it is protected with Windows DPAPI encryption for the current Windows user.

Every hotkey (flip, CapsLock fix, clipboard history) can be switched on or off independently, and CyrFlip can yield them to a focused Remote Desktop client so the copy running inside the remote session handles them instead.

It runs in the system tray, uses little memory, and needs nothing extra installed on Windows 10/11.

Privacy: CyrFlip uses a keyboard hook and the clipboard only to detect the active layout and perform actions you trigger. It does not log keystrokes or use the network. Open source: https://github.com/SerZhyAle/CyrFlip","CyrFlip — крошечная утилита Windows в системном трее: она показывает активную раскладку клавиатуры (EN/RU/UK) прямо там, где вы печатаете, и исправляет текст, набранный не в той раскладке, одной клавишей.

Главная функция — живой индикатор раскладки рядом с мигающей текстовой кареткой, поэтому вы заранее видите, латиницей или кириллицей будете печатать, — даже в браузерах и в окне чата VS Code, куда большинство индикаторов не дотягивается. Тот же маркер EN/RU/UK может заменять текстовый курсор мыши и отображается на значке в трее.

Выделите текст, набранный не в той раскладке, и нажмите горячую клавишу: CyrFlip транслитерирует его на месте между QWERTY и ЙЦУКЕН, в обе стороны и даже для смешанного текста. Отдельная настраиваемая горячая клавиша так же исправляет случайно включённый CapsLock.

Необязательная история буфера обмена по умолчанию выключена. При включении она хранит недавние Unicode-тексты локально, с поиском по всей истории в отдельном окне; записи можно закреплять, удалять, приостанавливать захват или полностью очищать, а сама история защищена шифрованием Windows DPAPI для текущей учётной записи.

Каждую горячую клавишу (переворот, исправление CapsLock, история буфера) можно включать и выключать независимо, а также уступать их активному клиенту удалённого рабочего стола, чтобы их обрабатывала копия CyrFlip внутри удалённого сеанса.

Работает в системном трее, потребляет мало памяти и не требует ничего доустанавливать на Windows 10/11.

Конфиденциальность: CyrFlip использует перехват клавиатуры и буфер обмена только для функций, которые запускаете вы. Не ведёт журнал нажатий и не использует сеть. Открытый исходный код: https://github.com/SerZhyAle/CyrFlip"
"ReleaseNotes","3","Text","","Added a full-history search window; independent on/off switches for each hotkey plus a master switch; an option to yield the hotkeys to a focused Remote Desktop client (mstsc/msrdc) so a CyrFlip inside the remote session handles them; the clipboard manager window now remembers whether it was open and stays that way on the next launch; and the interface language now follows your Windows language by default.","Добавлено окно поиска по всей истории буфера; отдельные выключатели для каждой горячей клавиши и общий выключатель; возможность уступать хоткеи активному клиенту удалённого рабочего стола (mstsc/msrdc), чтобы их обрабатывал CyrFlip внутри удалённого сеанса; окно менеджера буфера теперь запоминает, было ли оно открыто, и сохраняет это состояние при следующем запуске; а язык интерфейса теперь по умолчанию следует за языком Windows."
"Title","4","Text","","CyrFlip","CyrFlip"
"ShortTitle","5","Text","","",""
"SortTitle","6","Text","","",""
"VoiceTitle","7","Text","","",""
"ShortDescription","8","Text","","Live EN/RU/UK keyboard-layout indicator right at your text caret, plus one-key transliteration between QWERTY and ЙЦУКЕН.","Живой индикатор раскладки EN/RU/UK прямо у текстового курсора и транслитерация QWERTY⇄ЙЦУКЕН одной клавишей."
"DevStudio","9","Text","","",""
"CopyrightTrademarkInformation","12","Text","","(c) 2026 Serhii Zhyhunenko","(c) 2026 Serhii Zhyhunenko"
"AdditionalLicenseTerms","13","Text","","",""
"DesktopScreenshot1","100","Relative path (or URL to file in Partner Center)","","https://developer.microsoft.com/en-us/dashboard/apps/9NB4W41NGQJ4/submissions/1152921505701478594/listings/1152922700025703689/listingassets/3002332669732948733","https://developer.microsoft.com/en-us/dashboard/apps/9NB4W41NGQJ4/submissions/1152921505701478594/listings/1152922700025764004/listingassets/3021531227208492720"
"DesktopScreenshot2","101","Relative path (or URL to file in Partner Center)","","",""
"DesktopScreenshot3","102","Relative path (or URL to file in Partner Center)","","",""
"DesktopScreenshot4","103","Relative path (or URL to file in Partner Center)","","",""
"DesktopScreenshot5","104","Relative path (or URL to file in Partner Center)","","",""
"DesktopScreenshot6","105","Relative path (or URL to file in Partner Center)","","",""
"DesktopScreenshot7","106","Relative path (or URL to file in Partner Center)","","",""
"DesktopScreenshot8","107","Relative path (or URL to file in Partner Center)","","",""
"DesktopScreenshot9","108","Relative path (or URL to file in Partner Center)","","",""
"DesktopScreenshot10","109","Relative path (or URL to file in Partner Center)","","",""
"DesktopScreenshot11","110","Relative path (or URL to file in Partner Center)","","",""
"DesktopScreenshot12","111","Relative path (or URL to file in Partner Center)","","",""
"DesktopScreenshot13","112","Relative path (or URL to file in Partner Center)","","",""
"DesktopScreenshot14","113","Relative path (or URL to file in Partner Center)","","",""
"DesktopScreenshot15","114","Relative path (or URL to file in Partner Center)","","",""
"DesktopScreenshot16","115","Relative path (or URL to file in Partner Center)","","",""
"DesktopScreenshot17","116","Relative path (or URL to file in Partner Center)","","",""
"DesktopScreenshot18","117","Relative path (or URL to file in Partner Center)","","",""
"DesktopScreenshot19","118","Relative path (or URL to file in Partner Center)","","",""
"DesktopScreenshot20","119","Relative path (or URL to file in Partner Center)","","",""
"DesktopScreenshot21","120","Relative path (or URL to file in Partner Center)","","",""
"DesktopScreenshot22","121","Relative path (or URL to file in Partner Center)","","",""
"DesktopScreenshot23","122","Relative path (or URL to file in Partner Center)","","",""
"DesktopScreenshot24","123","Relative path (or URL to file in Partner Center)","","",""
"DesktopScreenshot25","124","Relative path (or URL to file in Partner Center)","","",""
"DesktopScreenshot26","125","Relative path (or URL to file in Partner Center)","","",""
"DesktopScreenshot27","126","Relative path (or URL to file in Partner Center)","","",""
"DesktopScreenshot28","127","Relative path (or URL to file in Partner Center)","","",""
"DesktopScreenshot29","128","Relative path (or URL to file in Partner Center)","","",""
"DesktopScreenshot30","129","Relative path (or URL to file in Partner Center)","","",""
"DesktopScreenshotCaption1","150","Text","","",""
"DesktopScreenshotCaption2","151","Text","","",""
"DesktopScreenshotCaption3","152","Text","","",""
"DesktopScreenshotCaption4","153","Text","","",""
"DesktopScreenshotCaption5","154","Text","","",""
"DesktopScreenshotCaption6","155","Text","","",""
"DesktopScreenshotCaption7","156","Text","","",""
"DesktopScreenshotCaption8","157","Text","","",""
"DesktopScreenshotCaption9","158","Text","","",""
"DesktopScreenshotCaption10","159","Text","","",""
"DesktopScreenshotCaption11","160","Text","","",""
"DesktopScreenshotCaption12","161","Text","","",""
"DesktopScreenshotCaption13","162","Text","","",""
"DesktopScreenshotCaption14","163","Text","","",""
"DesktopScreenshotCaption15","164","Text","","",""
"DesktopScreenshotCaption16","165","Text","","",""
"DesktopScreenshotCaption17","166","Text","","",""
"DesktopScreenshotCaption18","167","Text","","",""
"DesktopScreenshotCaption19","168","Text","","",""
"DesktopScreenshotCaption20","169","Text","","",""
"DesktopScreenshotCaption21","170","Text","","",""
"DesktopScreenshotCaption22","171","Text","","",""
"DesktopScreenshotCaption23","172","Text","","",""
"DesktopScreenshotCaption24","173","Text","","",""
"DesktopScreenshotCaption25","174","Text","","",""
"DesktopScreenshotCaption26","175","Text","","",""
"DesktopScreenshotCaption27","176","Text","","",""
"DesktopScreenshotCaption28","177","Text","","",""
"DesktopScreenshotCaption29","178","Text","","",""
"DesktopScreenshotCaption30","179","Text","","",""
"MobileScreenshot1","200","Relative path (or URL to file in Partner Center)","","",""
"MobileScreenshot2","201","Relative path (or URL to file in Partner Center)","","",""
"MobileScreenshot3","202","Relative path (or URL to file in Partner Center)","","",""
"MobileScreenshot4","203","Relative path (or URL to file in Partner Center)","","",""
"MobileScreenshot5","204","Relative path (or URL to file in Partner Center)","","",""
"MobileScreenshot6","205","Relative path (or URL to file in Partner Center)","","",""
"MobileScreenshot7","206","Relative path (or URL to file in Partner Center)","","",""
"MobileScreenshot8","207","Relative path (or URL to file in Partner Center)","","",""
"MobileScreenshot9","208","Relative path (or URL to file in Partner Center)","","",""
"MobileScreenshot10","209","Relative path (or URL to file in Partner Center)","","",""
"MobileScreenshot11","210","Relative path (or URL to file in Partner Center)","","",""
"MobileScreenshot12","211","Relative path (or URL to file in Partner Center)","","",""
"MobileScreenshot13","212","Relative path (or URL to file in Partner Center)","","",""
"MobileScreenshot14","213","Relative path (or URL to file in Partner Center)","","",""
"MobileScreenshot15","214","Relative path (or URL to file in Partner Center)","","",""
"MobileScreenshot16","215","Relative path (or URL to file in Partner Center)","","",""
"MobileScreenshot17","216","Relative path (or URL to file in Partner Center)","","",""
"MobileScreenshot18","217","Relative path (or URL to file in Partner Center)","","",""
"MobileScreenshot19","218","Relative path (or URL to file in Partner Center)","","",""
"MobileScreenshot20","219","Relative path (or URL to file in Partner Center)","","",""
"MobileScreenshot21","220","Relative path (or URL to file in Partner Center)","","",""
"MobileScreenshot22","221","Relative path (or URL to file in Partner Center)","","",""
"MobileScreenshot23","222","Relative path (or URL to file in Partner Center)","","",""
"MobileScreenshot24","223","Relative path (or URL to file in Partner Center)","","",""
"MobileScreenshot25","224","Relative path (or URL to file in Partner Center)","","",""
"MobileScreenshot26","225","Relative path (or URL to file in Partner Center)","","",""
"MobileScreenshot27","226","Relative path (or URL to file in Partner Center)","","",""
"MobileScreenshot28","227","Relative path (or URL to file in Partner Center)","","",""
"MobileScreenshot29","228","Relative path (or URL to file in Partner Center)","","",""
"MobileScreenshot30","229","Relative path (or URL to file in Partner Center)","","",""
"MobileScreenshotCaption1","250","Text","","",""
"MobileScreenshotCaption2","251","Text","","",""
"MobileScreenshotCaption3","252","Text","","",""
"MobileScreenshotCaption4","253","Text","","",""
"MobileScreenshotCaption5","254","Text","","",""
"MobileScreenshotCaption6","255","Text","","",""
"MobileScreenshotCaption7","256","Text","","",""
"MobileScreenshotCaption8","257","Text","","",""
"MobileScreenshotCaption9","258","Text","","",""
"MobileScreenshotCaption10","259","Text","","",""
"MobileScreenshotCaption11","260","Text","","",""
"MobileScreenshotCaption12","261","Text","","",""
"MobileScreenshotCaption13","262","Text","","",""
"MobileScreenshotCaption14","263","Text","","",""
"MobileScreenshotCaption15","264","Text","","",""
"MobileScreenshotCaption16","265","Text","","",""
"MobileScreenshotCaption17","266","Text","","",""
"MobileScreenshotCaption18","267","Text","","",""
"MobileScreenshotCaption19","268","Text","","",""
"MobileScreenshotCaption20","269","Text","","",""
"MobileScreenshotCaption21","270","Text","","",""
"MobileScreenshotCaption22","271","Text","","",""
"MobileScreenshotCaption23","272","Text","","",""
"MobileScreenshotCaption24","273","Text","","",""
"MobileScreenshotCaption25","274","Text","","",""
"MobileScreenshotCaption26","275","Text","","",""
"MobileScreenshotCaption27","276","Text","","",""
"MobileScreenshotCaption28","277","Text","","",""
"MobileScreenshotCaption29","278","Text","","",""
"MobileScreenshotCaption30","279","Text","","",""
"XboxScreenshot1","300","Relative path (or URL to file in Partner Center)","","",""
"XboxScreenshot2","301","Relative path (or URL to file in Partner Center)","","",""
"XboxScreenshot3","302","Relative path (or URL to file in Partner Center)","","",""
"XboxScreenshot4","303","Relative path (or URL to file in Partner Center)","","",""
"XboxScreenshot5","304","Relative path (or URL to file in Partner Center)","","",""
"XboxScreenshot6","305","Relative path (or URL to file in Partner Center)","","",""
"XboxScreenshot7","306","Relative path (or URL to file in Partner Center)","","",""
"XboxScreenshot8","307","Relative path (or URL to file in Partner Center)","","",""
"XboxScreenshot9","308","Relative path (or URL to file in Partner Center)","","",""
"XboxScreenshot10","309","Relative path (or URL to file in Partner Center)","","",""
"XboxScreenshot11","310","Relative path (or URL to file in Partner Center)","","",""
"XboxScreenshot12","311","Relative path (or URL to file in Partner Center)","","",""
"XboxScreenshot13","312","Relative path (or URL to file in Partner Center)","","",""
"XboxScreenshot14","313","Relative path (or URL to file in Partner Center)","","",""
"XboxScreenshot15","314","Relative path (or URL to file in Partner Center)","","",""
"XboxScreenshot16","315","Relative path (or URL to file in Partner Center)","","",""
"XboxScreenshot17","316","Relative path (or URL to file in Partner Center)","","",""
"XboxScreenshot18","317","Relative path (or URL to file in Partner Center)","","",""
"XboxScreenshot19","318","Relative path (or URL to file in Partner Center)","","",""
"XboxScreenshot20","319","Relative path (or URL to file in Partner Center)","","",""
"XboxScreenshot21","320","Relative path (or URL to file in Partner Center)","","",""
"XboxScreenshot22","321","Relative path (or URL to file in Partner Center)","","",""
"XboxScreenshot23","322","Relative path (or URL to file in Partner Center)","","",""
"XboxScreenshot24","323","Relative path (or URL to file in Partner Center)","","",""
"XboxScreenshot25","324","Relative path (or URL to file in Partner Center)","","",""
"XboxScreenshot26","325","Relative path (or URL to file in Partner Center)","","",""
"XboxScreenshot27","326","Relative path (or URL to file in Partner Center)","","",""
"XboxScreenshot28","327","Relative path (or URL to file in Partner Center)","","",""
"XboxScreenshot29","328","Relative path (or URL to file in Partner Center)","","",""
"XboxScreenshot30","329","Relative path (or URL to file in Partner Center)","","",""
"XboxScreenshotCaption1","350","Text","","",""
"XboxScreenshotCaption2","351","Text","","",""
"XboxScreenshotCaption3","352","Text","","",""
"XboxScreenshotCaption4","353","Text","","",""
"XboxScreenshotCaption5","354","Text","","",""
"XboxScreenshotCaption6","355","Text","","",""
"XboxScreenshotCaption7","356","Text","","",""
"XboxScreenshotCaption8","357","Text","","",""
"XboxScreenshotCaption9","358","Text","","",""
"XboxScreenshotCaption10","359","Text","","",""
"XboxScreenshotCaption11","360","Text","","",""
"XboxScreenshotCaption12","361","Text","","",""
"XboxScreenshotCaption13","362","Text","","",""
"XboxScreenshotCaption14","363","Text","","",""
"XboxScreenshotCaption15","364","Text","","",""
"XboxScreenshotCaption16","365","Text","","",""
"XboxScreenshotCaption17","366","Text","","",""
"XboxScreenshotCaption18","367","Text","","",""
"XboxScreenshotCaption19","368","Text","","",""
"XboxScreenshotCaption20","369","Text","","",""
"XboxScreenshotCaption21","370","Text","","",""
"XboxScreenshotCaption22","371","Text","","",""
"XboxScreenshotCaption23","372","Text","","",""
"XboxScreenshotCaption24","373","Text","","",""
"XboxScreenshotCaption25","374","Text","","",""
"XboxScreenshotCaption26","375","Text","","",""
"XboxScreenshotCaption27","376","Text","","",""
"XboxScreenshotCaption28","377","Text","","",""
"XboxScreenshotCaption29","378","Text","","",""
"XboxScreenshotCaption30","379","Text","","",""
"HolographicScreenshot1","400","Relative path (or URL to file in Partner Center)","","",""
"HolographicScreenshot2","401","Relative path (or URL to file in Partner Center)","","",""
"HolographicScreenshot3","402","Relative path (or URL to file in Partner Center)","","",""
"HolographicScreenshot4","403","Relative path (or URL to file in Partner Center)","","",""
"HolographicScreenshot5","404","Relative path (or URL to file in Partner Center)","","",""
"HolographicScreenshot6","405","Relative path (or URL to file in Partner Center)","","",""
"HolographicScreenshot7","406","Relative path (or URL to file in Partner Center)","","",""
"HolographicScreenshot8","407","Relative path (or URL to file in Partner Center)","","",""
"HolographicScreenshot9","408","Relative path (or URL to file in Partner Center)","","",""
"HolographicScreenshot10","409","Relative path (or URL to file in Partner Center)","","",""
"HolographicScreenshot11","410","Relative path (or URL to file in Partner Center)","","",""
"HolographicScreenshot12","411","Relative path (or URL to file in Partner Center)","","",""
"HolographicScreenshot13","412","Relative path (or URL to file in Partner Center)","","",""
"HolographicScreenshot14","413","Relative path (or URL to file in Partner Center)","","",""
"HolographicScreenshot15","414","Relative path (or URL to file in Partner Center)","","",""
"HolographicScreenshot16","415","Relative path (or URL to file in Partner Center)","","",""
"HolographicScreenshot17","416","Relative path (or URL to file in Partner Center)","","",""
"HolographicScreenshot18","417","Relative path (or URL to file in Partner Center)","","",""
"HolographicScreenshot19","418","Relative path (or URL to file in Partner Center)","","",""
"HolographicScreenshot20","419","Relative path (or URL to file in Partner Center)","","",""
"HolographicScreenshot21","420","Relative path (or URL to file in Partner Center)","","",""
"HolographicScreenshot22","421","Relative path (or URL to file in Partner Center)","","",""
"HolographicScreenshot23","422","Relative path (or URL to file in Partner Center)","","",""
"HolographicScreenshot24","423","Relative path (or URL to file in Partner Center)","","",""
"HolographicScreenshot25","424","Relative path (or URL to file in Partner Center)","","",""
"HolographicScreenshot26","425","Relative path (or URL to file in Partner Center)","","",""
"HolographicScreenshot27","426","Relative path (or URL to file in Partner Center)","","",""
"HolographicScreenshot28","427","Relative path (or URL to file in Partner Center)","","",""
"HolographicScreenshot29","428","Relative path (or URL to file in Partner Center)","","",""
"HolographicScreenshot30","429","Relative path (or URL to file in Partner Center)","","",""
"HolographicScreenshotCaption1","450","Text","","",""
"HolographicScreenshotCaption2","451","Text","","",""
"HolographicScreenshotCaption3","452","Text","","",""
"HolographicScreenshotCaption4","453","Text","","",""
"HolographicScreenshotCaption5","454","Text","","",""
"HolographicScreenshotCaption6","455","Text","","",""
"HolographicScreenshotCaption7","456","Text","","",""
"HolographicScreenshotCaption8","457","Text","","",""
"HolographicScreenshotCaption9","458","Text","","",""
"HolographicScreenshotCaption10","459","Text","","",""
"HolographicScreenshotCaption11","460","Text","","",""
"HolographicScreenshotCaption12","461","Text","","",""
"HolographicScreenshotCaption13","462","Text","","",""
"HolographicScreenshotCaption14","463","Text","","",""
"HolographicScreenshotCaption15","464","Text","","",""
"HolographicScreenshotCaption16","465","Text","","",""
"HolographicScreenshotCaption17","466","Text","","",""
"HolographicScreenshotCaption18","467","Text","","",""
"HolographicScreenshotCaption19","468","Text","","",""
"HolographicScreenshotCaption20","469","Text","","",""
"HolographicScreenshotCaption21","470","Text","","",""
"HolographicScreenshotCaption22","471","Text","","",""
"HolographicScreenshotCaption23","472","Text","","",""
"HolographicScreenshotCaption24","473","Text","","",""
"HolographicScreenshotCaption25","474","Text","","",""
"HolographicScreenshotCaption26","475","Text","","",""
"HolographicScreenshotCaption27","476","Text","","",""
"HolographicScreenshotCaption28","477","Text","","",""
"HolographicScreenshotCaption29","478","Text","","",""
"HolographicScreenshotCaption30","479","Text","","",""
"SurfaceHubScreenshot11","510","Relative path (or URL to file in Partner Center)","","",""
"SurfaceHubScreenshot12","511","Relative path (or URL to file in Partner Center)","","",""
"SurfaceHubScreenshot13","512","Relative path (or URL to file in Partner Center)","","",""
"SurfaceHubScreenshot14","513","Relative path (or URL to file in Partner Center)","","",""
"SurfaceHubScreenshot15","514","Relative path (or URL to file in Partner Center)","","",""
"SurfaceHubScreenshot16","515","Relative path (or URL to file in Partner Center)","","",""
"SurfaceHubScreenshot17","516","Relative path (or URL to file in Partner Center)","","",""
"SurfaceHubScreenshot18","517","Relative path (or URL to file in Partner Center)","","",""
"SurfaceHubScreenshot19","518","Relative path (or URL to file in Partner Center)","","",""
"SurfaceHubScreenshot20","519","Relative path (or URL to file in Partner Center)","","",""
"SurfaceHubScreenshot21","520","Relative path (or URL to file in Partner Center)","","",""
"SurfaceHubScreenshot22","521","Relative path (or URL to file in Partner Center)","","",""
"SurfaceHubScreenshot23","522","Relative path (or URL to file in Partner Center)","","",""
"SurfaceHubScreenshot24","523","Relative path (or URL to file in Partner Center)","","",""
"SurfaceHubScreenshot25","524","Relative path (or URL to file in Partner Center)","","",""
"SurfaceHubScreenshot26","525","Relative path (or URL to file in Partner Center)","","",""
"SurfaceHubScreenshot27","526","Relative path (or URL to file in Partner Center)","","",""
"SurfaceHubScreenshot28","527","Relative path (or URL to file in Partner Center)","","",""
"SurfaceHubScreenshot29","528","Relative path (or URL to file in Partner Center)","","",""
"SurfaceHubScreenshot30","529","Relative path (or URL to file in Partner Center)","","",""
"SurfaceHubScreenshotCaption11","560","Text","","",""
"SurfaceHubScreenshotCaption12","561","Text","","",""
"SurfaceHubScreenshotCaption13","562","Text","","",""
"SurfaceHubScreenshotCaption14","563","Text","","",""
"SurfaceHubScreenshotCaption15","564","Text","","",""
"SurfaceHubScreenshotCaption16","565","Text","","",""
"SurfaceHubScreenshotCaption17","566","Text","","",""
"SurfaceHubScreenshotCaption18","567","Text","","",""
"SurfaceHubScreenshotCaption19","568","Text","","",""
"SurfaceHubScreenshotCaption20","569","Text","","",""
"SurfaceHubScreenshotCaption21","570","Text","","",""
"SurfaceHubScreenshotCaption22","571","Text","","",""
"SurfaceHubScreenshotCaption23","572","Text","","",""
"SurfaceHubScreenshotCaption24","573","Text","","",""
"SurfaceHubScreenshotCaption25","574","Text","","",""
"SurfaceHubScreenshotCaption26","575","Text","","",""
"SurfaceHubScreenshotCaption27","576","Text","","",""
"SurfaceHubScreenshotCaption28","577","Text","","",""
"SurfaceHubScreenshotCaption29","578","Text","","",""
"SurfaceHubScreenshotCaption30","579","Text","","",""
"StoreLogo720x1080","600","Relative path (or URL to file in Partner Center)","","https://developer.microsoft.com/en-us/dashboard/apps/9NB4W41NGQJ4/submissions/1152921505701478594/listings/1152922700025703689/listingassets/3024536845760649503","https://developer.microsoft.com/en-us/dashboard/apps/9NB4W41NGQJ4/submissions/1152921505701478594/listings/1152922700025764004/listingassets/3016062305556145027"
"StoreLogo1080x1080","601","Relative path (or URL to file in Partner Center)","","https://developer.microsoft.com/en-us/dashboard/apps/9NB4W41NGQJ4/submissions/1152921505701478594/listings/1152922700025703689/listingassets/3065505256797392410","https://developer.microsoft.com/en-us/dashboard/apps/9NB4W41NGQJ4/submissions/1152921505701478594/listings/1152922700025764004/listingassets/3064050062548199220"
"StoreLogo300x300","602","Relative path (or URL to file in Partner Center)","","https://developer.microsoft.com/en-us/dashboard/apps/9NB4W41NGQJ4/submissions/1152921505701478594/listings/1152922700025703689/listingassets/3011622184153582248","https://developer.microsoft.com/en-us/dashboard/apps/9NB4W41NGQJ4/submissions/1152921505701478594/listings/1152922700025764004/listingassets/3000937792344993296"
"OverrideLogosForWin10","603","True/False","","True","True"
"StoreLogoOverride150x150","604","Relative path (or URL to file in Partner Center)","","https://developer.microsoft.com/en-us/dashboard/apps/9NB4W41NGQJ4/submissions/1152921505701478594/listings/1152922700025703689/listingassets/3033703904342428710","https://developer.microsoft.com/en-us/dashboard/apps/9NB4W41NGQJ4/submissions/1152921505701478594/listings/1152922700025764004/listingassets/3022149731566340303"
"StoreLogoOverride71x71","605","Relative path (or URL to file in Partner Center)","","https://developer.microsoft.com/en-us/dashboard/apps/9NB4W41NGQJ4/submissions/1152921505701478594/listings/1152922700025703689/listingassets/3033383520326831437","https://developer.microsoft.com/en-us/dashboard/apps/9NB4W41NGQJ4/submissions/1152921505701478594/listings/1152922700025764004/listingassets/3059838894553140024"
"PromoImage1920x1080","606","Relative path (or URL to file in Partner Center)","","",""
"PromoImage2400x1200","607","Relative path (or URL to file in Partner Center)","","",""
"XboxBrandedKeyArt584x800","608","Relative path (or URL to file in Partner Center)","","",""
"XboxTitledHero1920x1080","609","Relative path (or URL to file in Partner Center)","","",""
"XboxFeaturedPromo1080x1080","610","Relative path (or URL to file in Partner Center)","","",""
"OptionalPromo358x358","611","Relative path (or URL to file in Partner Center)","","",""
"OptionalPromo1000x800","612","Relative path (or URL to file in Partner Center)","","",""
"OptionalPromo414x180","613","Relative path (or URL to file in Partner Center)","","",""
"Feature1","700","Text","","Live EN/RU/UK layout marker next to the text caret - works in browsers and the VS Code chat","Живой маркер раскладки EN/RU/UK у текстового курсора — работает в браузерах и чате VS Code"
"Feature2","701","Text","","Optional layout-coloured mouse cursor and tray icon","Необязательная замена курсора мыши и иконка в трее в цвете раскладки"
"Feature3","702","Text","","One-key transliteration between QWERTY and ЙЦУКЕН, in place, both directions","Транслитерация одной клавишей между QWERTY и ЙЦУКЕН, на месте, в обе стороны"
"Feature4","703","Text","","Auto-detects direction per character - also fixes mixed-layout text","Определяет направление по каждому символу — исправляет и смешанный текст"
"Feature5","704","Text","","Configurable global hotkey, changeable from the tray without restarting","Настраиваемая глобальная горячая клавиша, меняется из трея без перезапуска"
"Feature6","705","Text","","Separate hotkey fixes accidental CapsLock (swaps UPPER/lower case)","Отдельная горячая клавиша исправляет случайный CapsLock (меняет ВЕРХНИЙ/нижний регистр)"
"Feature7","706","Text","","Optional encrypted clipboard history with search, pin, and Windows DPAPI protection","Необязательная зашифрованная история буфера: поиск, закрепление, защита Windows DPAPI"
"Feature8","707","Text","","Runs quietly in the tray, low memory, nothing extra to install","Тихо работает в трее, мало памяти, ничего доустанавливать не нужно"
"Feature9","708","Text","","Open source - no telemetry, no network, no data collection","Открытый код — без телеметрии, без сети, без сбора данных"
"Feature10","709","Text","","",""
"Feature11","710","Text","","",""
"Feature12","711","Text","","",""
"Feature13","712","Text","","",""
"Feature14","713","Text","","",""
"Feature15","714","Text","","",""
"Feature16","715","Text","","",""
"Feature17","716","Text","","",""
"Feature18","717","Text","","",""
"Feature19","718","Text","","",""
"Feature20","719","Text","","",""
"MinimumHardwareReq1","800","Text","","",""
"MinimumHardwareReq2","801","Text","","",""
"MinimumHardwareReq3","802","Text","","",""
"MinimumHardwareReq4","803","Text","","",""
"MinimumHardwareReq5","804","Text","","",""
"MinimumHardwareReq6","805","Text","","",""
"MinimumHardwareReq7","806","Text","","",""
"MinimumHardwareReq8","807","Text","","",""
"MinimumHardwareReq9","808","Text","","",""
"MinimumHardwareReq10","809","Text","","",""
"MinimumHardwareReq11","810","Text","","",""
"RecommendedHardwareReq1","850","Text","","",""
"RecommendedHardwareReq2","851","Text","","",""
"RecommendedHardwareReq3","852","Text","","",""
"RecommendedHardwareReq4","853","Text","","",""
"RecommendedHardwareReq5","854","Text","","",""
"RecommendedHardwareReq6","855","Text","","",""
"RecommendedHardwareReq7","856","Text","","",""
"RecommendedHardwareReq8","857","Text","","",""
"RecommendedHardwareReq9","858","Text","","",""
"RecommendedHardwareReq10","859","Text","","",""
"RecommendedHardwareReq11","860","Text","","",""
"SearchTerm1","900","Text","","keyboard layout switcher","раскладка клавиатуры"
"SearchTerm2","901","Text","","layout indicator","индикатор раскладки"
"SearchTerm3","902","Text","","transliteration","транслитерация"
"SearchTerm4","903","Text","","caps lock fix","переключатель раскладки"
"SearchTerm5","904","Text","","punto switcher alternative","пунто свитчер"
"SearchTerm6","905","Text","","clipboard manager","история буфера обмена"
"SearchTerm7","906","Text","","input language","исправить капслок"
"TrailerToPlayAtTopOfListing","999","Relative path (or URL to file in Partner Center)","","",""
"Trailer1","1000","Relative path (or URL to file in Partner Center)","","",""
"Trailer2","1001","Relative path (or URL to file in Partner Center)","","",""
"Trailer3","1002","Relative path (or URL to file in Partner Center)","","",""
"Trailer4","1003","Relative path (or URL to file in Partner Center)","","",""
"Trailer5","1004","Relative path (or URL to file in Partner Center)","","",""
"Trailer6","1005","Relative path (or URL to file in Partner Center)","","",""
"Trailer7","1006","Relative path (or URL to file in Partner Center)","","",""
"Trailer8","1007","Relative path (or URL to file in Partner Center)","","",""
"Trailer9","1008","Relative path (or URL to file in Partner Center)","","",""
"Trailer10","1009","Relative path (or URL to file in Partner Center)","","",""
"Trailer11","1010","Relative path (or URL to file in Partner Center)","","",""
"Trailer12","1011","Relative path (or URL to file in Partner Center)","","",""
"Trailer13","1012","Relative path (or URL to file in Partner Center)","","",""
"Trailer14","1013","Relative path (or URL to file in Partner Center)","","",""
"Trailer15","1014","Relative path (or URL to file in Partner Center)","","",""
"TrailerTitle1","1020","Text","","",""
"TrailerTitle2","1021","Text","","",""
"TrailerTitle3","1022","Text","","",""
"TrailerTitle4","1023","Text","","",""
"TrailerTitle5","1024","Text","","",""
"TrailerTitle6","1025","Text","","",""
"TrailerTitle7","1026","Text","","",""
"TrailerTitle8","1027","Text","","",""
"TrailerTitle9","1028","Text","","",""
"TrailerTitle10","1029","Text","","",""
"TrailerTitle11","1030","Text","","",""
"TrailerTitle12","1031","Text","","",""
"TrailerTitle13","1032","Text","","",""
"TrailerTitle14","1033","Text","","",""
"TrailerTitle15","1034","Text","","",""
"TrailerThumbnail1","1040","Relative path (or URL to file in Partner Center)","","",""
"TrailerThumbnail2","1041","Relative path (or URL to file in Partner Center)","","",""
"TrailerThumbnail3","1042","Relative path (or URL to file in Partner Center)","","",""
"TrailerThumbnail4","1043","Relative path (or URL to file in Partner Center)","","",""
"TrailerThumbnail5","1044","Relative path (or URL to file in Partner Center)","","",""
"TrailerThumbnail6","1045","Relative path (or URL to file in Partner Center)","","",""
"TrailerThumbnail7","1046","Relative path (or URL to file in Partner Center)","","",""
"TrailerThumbnail8","1047","Relative path (or URL to file in Partner Center)","","",""
"TrailerThumbnail9","1048","Relative path (or URL to file in Partner Center)","","",""
"TrailerThumbnail10","1049","Relative path (or URL to file in Partner Center)","","",""
"TrailerThumbnail11","1050","Relative path (or URL to file in Partner Center)","","",""
"TrailerThumbnail12","1051","Relative path (or URL to file in Partner Center)","","",""
"TrailerThumbnail13","1052","Relative path (or URL to file in Partner Center)","","",""
"TrailerThumbnail14","1053","Relative path (or URL to file in Partner Center)","","",""
"TrailerThumbnail15","1054","Relative path (or URL to file in Partner Center)","","",""
"TrailerClosedCaption1","1055","Relative path (or URL to file in Partner Center)","","",""
"TrailerClosedCaption2","1056","Relative path (or URL to file in Partner Center)","","",""
"TrailerClosedCaption3","1057","Relative path (or URL to file in Partner Center)","","",""
"TrailerClosedCaption4","1058","Relative path (or URL to file in Partner Center)","","",""
"TrailerClosedCaption5","1059","Relative path (or URL to file in Partner Center)","","",""
"TrailerClosedCaption6","1060","Relative path (or URL to file in Partner Center)","","",""
"TrailerClosedCaption7","1061","Relative path (or URL to file in Partner Center)","","",""
"TrailerClosedCaption8","1062","Relative path (or URL to file in Partner Center)","","",""
"TrailerClosedCaption9","1063","Relative path (or URL to file in Partner Center)","","",""
"TrailerClosedCaption10","1064","Relative path (or URL to file in Partner Center)","","",""
"TrailerClosedCaption11","1065","Relative path (or URL to file in Partner Center)","","",""
"TrailerClosedCaption12","1066","Relative path (or URL to file in Partner Center)","","",""
"TrailerClosedCaption13","1067","Relative path (or URL to file in Partner Center)","","",""
"TrailerClosedCaption14","1068","Relative path (or URL to file in Partner Center)","","",""
"TrailerClosedCaption15","1069","Relative path (or URL to file in Partner Center)","","",""
"TrailerAudioDescription1","1070","Relative path (or URL to file in Partner Center)","","",""
"TrailerAudioDescription2","1071","Relative path (or URL to file in Partner Center)","","",""
"TrailerAudioDescription3","1072","Relative path (or URL to file in Partner Center)","","",""
"TrailerAudioDescription4","1073","Relative path (or URL to file in Partner Center)","","",""
"TrailerAudioDescription5","1074","Relative path (or URL to file in Partner Center)","","",""
"TrailerAudioDescription6","1075","Relative path (or URL to file in Partner Center)","","",""
"TrailerAudioDescription7","1076","Relative path (or URL to file in Partner Center)","","",""
"TrailerAudioDescription8","1077","Relative path (or URL to file in Partner Center)","","",""
"TrailerAudioDescription9","1078","Relative path (or URL to file in Partner Center)","","",""
"TrailerAudioDescription10","1079","Relative path (or URL to file in Partner Center)","","",""
"TrailerAudioDescription11","1080","Relative path (or URL to file in Partner Center)","","",""
"TrailerAudioDescription12","1081","Relative path (or URL to file in Partner Center)","","",""
"TrailerAudioDescription13","1082","Relative path (or URL to file in Partner Center)","","",""
"TrailerAudioDescription14","1083","Relative path (or URL to file in Partner Center)","","",""
"TrailerAudioDescription15","1084","Relative path (or URL to file in Partner Center)","","",""
"","","","","",""
"","","","","",""
"","","","","",""
"","","","","",""
"","","","","",""
"","","","","",""
"","","","","",""
"","","","","",""
"","","","","",""
"","","","","",""
"","","","","",""
"","","","","",""
"","","","","",""
"","","","","",""
"","","","","",""
"","","","","",""
"","","","","",""
"","","","","",""
"","","","","",""
"","","","","",""
"","","","","",""
"","","","","",""
"","","","","",""
"","","","","",
